{"cameraMode":{"drawMode":0,"name":"Shaded","section":"Shading Mode"},"sceneLighting":true,"audioPlay":false,"sceneViewState":{"showFog":true,"showMaterialUpdate":false,"showSkybox":true,"showFlares":true,"showImageEffects":true,"showParticleSystems":true,"showVisualEffectGraphs":true,"m_FxEnabled":true},"in2DMode":false,"pivot":{"x":0.07886791229248047,"y":0.44226348400115969,"z":-5.92438268661499},"rotation":{"x":0.12217451632022858,"y":0.8250125050544739,"z":-0.19534717500209809,"w":0.5159720182418823},"size":3.2304952144622804,"orthographic":false}