{"cameraMode":{"drawMode":0,"name":"Shaded","section":"Shading Mode"},"sceneLighting":true,"audioPlay":false,"sceneViewState":{"showFog":true,"showMaterialUpdate":false,"showSkybox":true,"showFlares":true,"showImageEffects":true,"showParticleSystems":true,"showVisualEffectGraphs":true,"m_FxEnabled":true},"in2DMode":false,"pivot":{"x":1.3177506923675538,"y":0.16583669185638429,"z":0.26025283336639407},"rotation":{"x":0.0976015105843544,"y":0.5102823376655579,"z":-0.058425310999155048,"w":0.8524396419525147},"size":2.101496458053589,"orthographic":false}