{"cameraMode":{"drawMode":0,"name":"Shaded","section":"Shading Mode"},"sceneLighting":true,"audioPlay":false,"sceneViewState":{"showFog":true,"showMaterialUpdate":false,"showSkybox":true,"showFlares":true,"showImageEffects":true,"showParticleSystems":true,"showVisualEffectGraphs":true,"m_FxEnabled":true},"in2DMode":false,"pivot":{"x":-0.49158725142478945,"y":1.3083088397979737,"z":10.45458984375},"rotation":{"x":0.031494367867708209,"y":0.0023968350142240526,"z":-0.00007705324969720095,"w":0.9994955658912659},"size":5.6567559242248539,"orthographic":false}